{
  "feature_order": [
    "إجمالي دخل رب الأسرة (شهريًا)",
    "إجمالي دخل الزوج/ة  (شهريًا)",
    "إجمالي دخل باقي أفراد الأسرة  (شهريًا)",
    "تكافل وكرامة ",
    "مجموع_المعاش",
    "كهربا (شهريًا)",
    "مياه (شهريًا)",
    "مجموع_الغاز",
    "مجموع_الأكل",
    "إيجار البيت ( لو البيت إيجار )",
    "قيمة قسط أو جمعية في الشهر",
    "إجمالي مصاريف التعليم (شهريًا)",
    "إجمالي مصاريف العلاج (شهريًا)",
    "إجمالي دخل الأسرة",
    "إجمالي مصاريف الأسرة"
  ],
  "per_label": {
    "تقييم السقف": {
      "winner": "RandomForest",
      "acc": 0.8888888888888888,
      "report": {
        "0": {
          "precision": 0.9306930693069307,
          "recall": 0.9494949494949495,
          "f1-score": 0.94,
          "support": 99.0
        },
        "1": {
          "precision": 0.2857142857142857,
          "recall": 0.2222222222222222,
          "f1-score": 0.25,
          "support": 9.0
        },
        "accuracy": 0.8888888888888888,
        "macro avg": {
          "precision": 0.6082036775106082,
          "recall": 0.5858585858585859,
          "f1-score": 0.595,
          "support": 108.0
        },
        "weighted avg": {
          "precision": 0.876944837340877,
          "recall": 0.8888888888888888,
          "f1-score": 0.8824999999999998,
          "support": 108.0
        }
      }
    },
    "تقييم وصلة المياه": {
      "winner": "XGBoost",
      "acc": 0.9166666666666666,
      "report": {
        "0": {
          "precision": 0.9696969696969697,
          "recall": 0.9411764705882353,
          "f1-score": 0.9552238805970149,
          "support": 102.0
        },
        "1": {
          "precision": 0.3333333333333333,
          "recall": 0.5,
          "f1-score": 0.4,
          "support": 6.0
        },
        "accuracy": 0.9166666666666666,
        "macro avg": {
          "precision": 0.6515151515151515,
          "recall": 0.7205882352941176,
          "f1-score": 0.6776119402985075,
          "support": 108.0
        },
        "weighted avg": {
          "precision": 0.9343434343434344,
          "recall": 0.9166666666666666,
          "f1-score": 0.9243781094527364,
          "support": 108.0
        }
      }
    },
    "تقييم عدد الألحفة ": {
      "winner": "RandomForest",
      "acc": 0.6388888888888888,
      "report": {
        "0": {
          "precision": 0.6,
          "recall": 0.9827586206896551,
          "f1-score": 0.7450980392156863,
          "support": 58.0
        },
        "1": {
          "precision": 0.9230769230769231,
          "recall": 0.24,
          "f1-score": 0.38095238095238093,
          "support": 50.0
        },
        "accuracy": 0.6388888888888888,
        "macro avg": {
          "precision": 0.7615384615384615,
          "recall": 0.6113793103448275,
          "f1-score": 0.5630252100840336,
          "support": 108.0
        },
        "weighted avg": {
          "precision": 0.7495726495726495,
          "recall": 0.6388888888888888,
          "f1-score": 0.5765120863160079,
          "support": 108.0
        }
      }
    },
    "تقييم الكسوة": {
      "winner": "RandomForest",
      "acc": 0.6203703703703703,
      "report": {
        "0": {
          "precision": 0.5909090909090909,
          "recall": 0.5306122448979592,
          "f1-score": 0.5591397849462365,
          "support": 49.0
        },
        "1": {
          "precision": 0.640625,
          "recall": 0.6949152542372882,
          "f1-score": 0.6666666666666666,
          "support": 59.0
        },
        "accuracy": 0.6203703703703703,
        "macro avg": {
          "precision": 0.6157670454545454,
          "recall": 0.6127637495676237,
          "f1-score": 0.6129032258064515,
          "support": 108.0
        },
        "weighted avg": {
          "precision": 0.6180687079124579,
          "recall": 0.6203703703703703,
          "f1-score": 0.6178813221823973,
          "support": 108.0
        }
      }
    },
    "تقييم الشهرية ": {
      "winner": "RandomForest",
      "acc": 0.6574074074074074,
      "report": {
        "0": {
          "precision": 0.5813953488372093,
          "recall": 0.5681818181818182,
          "f1-score": 0.5747126436781609,
          "support": 44.0
        },
        "1": {
          "precision": 0.7076923076923077,
          "recall": 0.71875,
          "f1-score": 0.7131782945736435,
          "support": 64.0
        },
        "accuracy": 0.6574074074074074,
        "macro avg": {
          "precision": 0.6445438282647585,
          "recall": 0.6434659090909092,
          "f1-score": 0.6439454691259021,
          "support": 108.0
        },
        "weighted avg": {
          "precision": 0.6562379911217121,
          "recall": 0.6574074074074074,
          "f1-score": 0.6567663627273357,
          "support": 108.0
        }
      }
    },
    "تقييم المشروع ": {
      "winner": "RandomForest",
      "acc": 0.8240740740740741,
      "report": {
        "0": {
          "precision": 0.88,
          "recall": 0.9263157894736842,
          "f1-score": 0.9025641025641026,
          "support": 95.0
        },
        "1": {
          "precision": 0.125,
          "recall": 0.07692307692307693,
          "f1-score": 0.09523809523809523,
          "support": 13.0
        },
        "accuracy": 0.8240740740740741,
        "macro avg": {
          "precision": 0.5025,
          "recall": 0.5016194331983805,
          "f1-score": 0.4989010989010989,
          "support": 108.0
        },
        "weighted avg": {
          "precision": 0.7891203703703703,
          "recall": 0.8240740740740741,
          "f1-score": 0.8053859720526388,
          "support": 108.0
        }
      }
    },
    "تقييم الكراتين": {
      "winner": "RandomForest",
      "acc": 0.9166666666666666,
      "report": {
        "0": {
          "precision": 0.0,
          "recall": 0.0,
          "f1-score": 0.0,
          "support": 8.0
        },
        "1": {
          "precision": 0.9252336448598131,
          "recall": 0.99,
          "f1-score": 0.9565217391304348,
          "support": 100.0
        },
        "accuracy": 0.9166666666666666,
        "macro avg": {
          "precision": 0.46261682242990654,
          "recall": 0.495,
          "f1-score": 0.4782608695652174,
          "support": 108.0
        },
        "weighted avg": {
          "precision": 0.8566978193146417,
          "recall": 0.9166666666666666,
          "f1-score": 0.8856682769726248,
          "support": 108.0
        }
      }
    }
  },
  "macro": {
    "precision": 0.5629536420966661,
    "recall": 0.49183007905465537,
    "f1": 0.49465102522303156
  },
  "micro": {
    "precision": 0.7472527472527473,
    "recall": 0.6777408637873754,
    "f1": 0.710801393728223
  }
}